ID,Soru_Metni(OCR),Alt_Konu,Zorluk,Görsel_Tipi,Kaynak_Tipi
P2-S1,18 sayısını bölen pozitif tam sayıların toplamı kaçtır?,Bir Doğal Sayının Çarpanları,1,Görsel Yok,Başlangıç Sorusu
P2-S2,Aşağıdakilerden hangisi 96 sayısının çarpanlarından biri değildir?,Bir Doğal Sayının Çarpanları,1,Görsel Yok,Başlangıç Sorusu
P2-S3,Aşağıdakilerden hangisi bu dikdörtgensel bölgenin kenar uzunluklarından biri olamaz?,Bir Doğal Sayının Çarpanları,2,Görsel Yok,Başlangıç Sorusu
P2-S4,Bu dikdörtgenlerden çevresi en küçük olanın çevresi kaç cm dir?,Bir Doğal Sayının Çarpanları,3,Görsel Yok,Başlangıç Sorusu
P2-S5,Misafirlerin sayısı 6'dan fazla olduğuna göre içilen çay sayısı aşağıdakilerden hangisi olamaz?,Bir Doğal Sayının Çarpanları,2,Görsel Yok,Başlangıç Sorusu
P2-S6,İki basamaklı en büyük asal sayı ile iki basamaklı en küçük asal sayı arasındaki fark kaçtır?,Bir Doğal Sayının Çarpanları,2,Görsel Yok,Başlangıç Sorusu
P2-S7,Aşağıdaki sayılardan hangisinin asal çarpan sayısı diğerlerinden fazladır?,Bir Doğal Sayının Çarpanları,2,Görsel Yok,Başlangıç Sorusu
P2-S8,Aşağıdakilerden hangisi yanlıştır?,Bir Doğal Sayının Çarpanları,1,Görsel Yok,Başlangıç Sorusu
P3-S9,216 sayısının asal çarpanlarına ayrılmış biçimi aşağıdakilerden hangisidir?,Bir Doğal Sayının Çarpanları,1,Görsel Yok,Başlangıç Sorusu
P3-S10,360 sayısının asal çarpanlarının çarpımı şeklinde yazılışı aşağıdakilerden hangisidir?,Bir Doğal Sayının Çarpanları,1,Görsel Yok,Başlangıç Sorusu
P3-S11,42 sayısının asal çarpanlarının toplamı kaçtır?,Bir Doğal Sayının Çarpanları,1,Görsel Yok,Başlangıç Sorusu
P3-S12,120 sayısının farklı asal çarpanlarının toplamı kaçtır?,Bir Doğal Sayının Çarpanları,1,Görsel Yok,Başlangıç Sorusu
P3-S13,Aşağıdakilerden hangisi 90 sayısının asal çarpanlarından biri değildir?,Bir Doğal Sayının Çarpanları,1,Görsel Yok,Başlangıç Sorusu
P3-S14,Aşağıdakilerden hangisi 910 sayısının çarpanlarından biri değildir?,Bir Doğal Sayının Çarpanları,2,Görsel Yok,Başlangıç Sorusu
P3-S15,"Aşağıdaki sayılardan hangisinin asal çarpanları 2,3 ve 5'tir?",Bir Doğal Sayının Çarpanları,1,Görsel Yok,Başlangıç Sorusu
P3-S16,1500 = 2^a . 3^b . 5^c olduğuna göre a + b + c kaçtır?,Bir Doğal Sayının Çarpanları,2,Görsel Yok,Başlangıç Sorusu
P4-S17,Buna göre A + D kaçtır?,Bir Doğal Sayının Çarpanları,2,Görsel Yok,Başlangıç Sorusu
P4-S18,x-y-z ifadesinin değeri kaç olur?,Bir Doğal Sayının Çarpanları,3,Görsel Yok,Başlangıç Sorusu
P4-S19,"180 sayısının a,b,c cinsinden ifadesi aşağıdakilerden hangisidir?",Bir Doğal Sayının Çarpanları,2,Görsel Yok,Başlangıç Sorusu
P4-S20,Buna göre Altuğ'un aklından tuttuğu sayı aşağıdakilerden hangisi olabilir?,Bir Doğal Sayının Çarpanları,2,Görsel Yok,Başlangıç Sorusu
P4-S21,Buna göre aşağıdakilerden hangisi doğrudur?,Bir Doğal Sayının Çarpanları,3,Görsel Yok,Başlangıç Sorusu
P4-S22,Yukarıdaki eşitliklerden hangisi ya da hangileri yanlıştır?,Bir Doğal Sayının Çarpanları,1,Görsel Yok,Başlangıç Sorusu
P4-S23,olduğuna göre A+B kaçtır?,Bir Doğal Sayının Çarpanları,2,Görsel Yok,Başlangıç Sorusu
P4-S24,"Asal çarpanları 3,5,11 olan dört basamaklı en küçük doğal sayı kaçtır?",Bir Doğal Sayının Çarpanları,3,Görsel Yok,Başlangıç Sorusu
P5-S25,K'nin alabileceği en küçük değer aşağıdakilerden hangisidir?,Bir Doğal Sayının Çarpanları,3,Görsel Yok,Başlangıç Sorusu
P5-S26,A = x^3 . y^1 . z^2 şeklinde yazılabilen en küçük A doğal sayısı kaçtır?,Bir Doğal Sayının Çarpanları,3,Görsel Yok,Başlangıç Sorusu
P5-S27,Buna göre A sayısı aşağıdakilerden hangisi olamaz?,Bir Doğal Sayının Çarpanları,2,Görsel Yok,Başlangıç Sorusu
P5-S28,Buna göre işleminin sonucu kaçtır?,Bir Doğal Sayının Çarpanları,3,Görsel Yok,Başlangıç Sorusu
P5-S29,"Buna göre, bu halkalar verilen kurala göre çubuklara takıldığında aşağıdaki halkalardan hangisi dışta kalır?",Bir Doğal Sayının Çarpanları,3,Resimli,Başlangıç Sorusu
P5-S30,"Buna göre, bu kutudaki toplam şeker sayısı kaçtır?",Bir Doğal Sayının Çarpanları,3,Resimli,Başlangıç Sorusu
P6-S31,B bölgesinin alanının santimetrekare cinsinden değeri aşağıdakilerden hangisi olamaz?,Bir Doğal Sayının Çarpanları,4,Geometrik Şekil,LGS Örnek Sorusu
P6-S32,Verilenlere göre bu dikdörtgenlerden birinin çevresinin uzunluğu kaç santimetredir?,Bir Doğal Sayının Çarpanları,4,Geometrik Şekil,LGS Örnek Sorusu
P7-S33,"Buna göre Ahmet'in 14 sayısını söylediği oyunda, Deniz aşağıdaki sayılardan hangisini söylerse oyunu kazanır?",Bir Doğal Sayının Çarpanları,3,Resimli,LGS Örnek Sorusu
P7-S34,Buna göre bu kartonun çevresinin uzunluğu en fazla kaç santimetredir?,Bir Doğal Sayının Çarpanları,4,Geometrik Şekil,LGS Örnek Sorusu
P8-S35,"Bu kartona yerleştirilen beyaz kart sayısı 3 olduğuna göre, en fazla kaç adet asal çarpan kartı yerleştirilmiştir?",Bir Doğal Sayının Çarpanları,5,Resimli,LGS Örnek Sorusu
P8-S36,"1'den 7'ye kadar olan sayıların yerleştirildiği çarpım tablosu bulmacasında, eksik olan a ve b değerlerinin toplamının bulunması istenmektedir.",Bir Doğal Sayının Çarpanları,3,Şematik,LGS Örnek Sorusu
P9-S37,"Üzerinde sayılar yazan kartların, asal çarpan sayılarına (1, 2 veya 3 tane) göre kutulara eşit sayıda dağıtılması kuralına dayanarak, ters çevrilmiş karttaki sayının bulunması istenmektedir.",Bir Doğal Sayının Çarpanları,3,Şematik,LGS Örnek Sorusu
P9-S38,"Asansörlerin kendi numaralarının katı olan katlarda durmadığı bir iş yerinde, duran asansör sayısı karşılaştırmasına göre Onur'un kat numarasının bulunması.",Bir Doğal Sayının Çarpanları,4,Şematik,LGS Örnek Sorusu
P10-S39,"Eylül ayı takviminde, günün tarihinin asal çarpan sayısı kadar ders yapan bir öğretmenin ay boyunca yaptığı toplam ders sayısı sorulmaktadır.",Bir Doğal Sayının Çarpanları,3,Şematik,LGS Örnek Soru
P10-S40,"Ürün kodları çarpılarak etiket numarası, birim fiyatları toplanarak satış fiyatı bulunan paketlerde; etiket numarası 270 ve 300 olan iki paketin toplam fiyatı sorulmaktadır.",Bir Doğal Sayının Çarpanları,4,Resimli,LGS Örnek Soru
P11-S41,48 ve 72 sayılarının en büyük ortak böleninin (EBOB) hesaplanması istenmektedir.,EBOB ve EKOK,1,Yok,Başlangıç Sorusu
P11-S42,"Bir üçgen şemasında a, b ve c harflerinin, bağlı oldukları sayı çiftlerinin EBOB'una eşit olduğu kurala göre a+b+c toplamı sorulmaktadır.",EBOB ve EKOK,2,Şematik,Başlangıç Sorusu
P11-S43,"EBOB(24, A) = 12 eşitliğini sağlayan en küçük üç basamaklı A sayısının bulunması istenmektedir.",EBOB ve EKOK,2,Yok,Başlangıç Sorusu
P11-S44,54 kg şeker ve 96 kg nohutun birbirine karıştırılmadan ve hiç artmayacak şekilde eşit torbalara paylaştırılması için gereken en az torba sayısı sorulmaktadır.,EBOB ve EKOK,2,Yok,Başlangıç Sorusu
P11-S45,"Kenarları 192 m ve 248 m olan dikdörtgen tarlanın etrafına, köşelere de gelmek şartıyla eşit aralıklarla dikilecek en az fidan sayısı sorulmaktadır.",EBOB ve EKOK,2,Yok,Başlangıç Sorusu
P11-S46,216 cm ve 315 cm boyutlarındaki banyo zeminini kaplayacak eş kare fayansların bir kenar uzunluğunun en fazla kaç cm olabileceği sorulmaktadır.,EBOB ve EKOK,2,Yok,Başlangıç Sorusu
P12-S47,"120 ve 165 cm'lik iki tahta parçasının eş uzunlukta parçalara ayrılması işleminde, her kesim 15 saniye sürdüğüne göre işin toplam süresi sorulmaktadır.",EBOB ve EKOK,3,Yok,Başlangıç Sorusu
P12-S48,540 cm ve 780 cm kenar uzunluğuna sahip dikdörtgen salonun zeminine hiç boşluk kalmayacak şekilde döşenecek en az eş kare mermer sayısı sorulmaktadır.,EBOB ve EKOK,2,Yok,Başlangıç Sorusu
P12-S49,45 cm ve 72 cm kenar uzunluklarına sahip dikdörtgen yapbozu oluşturan eş kare parçaların sayısının en az kaç olduğu sorulmaktadır.,EBOB ve EKOK,2,Yok,Başlangıç Sorusu
P12-S50,"İki yüzünün alanı 12 cm² ve 18 cm² olan dikdörtgenler prizmasının, tam sayı olan ayrıtlarına göre üretilebilecek en fazla farklı hacim sayısı sorulmaktadır.",EBOB ve EKOK,3,Yok,Başlangıç Sorusu
P12-S51,"Bir pisti 4 ve 6 dakikada turlayan iki aracın, aynı anda başladıktan kaç dakika sonra tekrar başlangıç çizgisinde yan yana gelecekleri sorulmaktadır.",EBOB ve EKOK,1,Yok,Başlangıç Sorusu
P12-S52,"9 günde ve 12 günde bir nöbet tutan iki hemşirenin, birlikte nöbet tuttuktan en az kaç gün sonra tekrar birlikte nöbet tutacakları sorulmaktadır.",EBOB ve EKOK,1,Yok,Başlangıç Sorusu
P13-S53,Asal çarpanlarına ayrılmış hâli verilen A ve B sayılarının en küçük ortak katının (EKOK) hesaplanması.,EBOB ve EKOK,2,Yok,Başlangıç Sorusu
P13-S54,"B sayısı A ile 36'nın EBOB'una, 2 ile 4'ün ise EKOK'una eşit olduğuna göre; verilen seçeneklerden hangisinin A sayısı olamayacağının bulunması.",EBOB ve EKOK,3,Yok,Başlangıç Sorusu
P13-S55,Üslü ifade biçiminde verilmiş A ve B sayılarının EKOK değerinin EBOB değerine oranının bulunması.,EBOB ve EKOK,3,Yok,Başlangıç Sorusu
P13-S56,Birbirine oranı 2/3 olan ve EKOK'ları 48 olan iki doğal sayının EBOB'unun bulunması.,EBOB ve EKOK,2,Yok,Başlangıç Sorusu
P13-S57,EKOK'ları 120 olan iki doğal sayının toplamının alabileceği en küçük değerin bulunması.,EBOB ve EKOK,3,Yok,Başlangıç Sorusu
P13-S58,"14 ile x sayısının EKOK'u 126 olduğuna göre, x'in alabileceği farklı değerlerin toplamının bulunması.",EBOB ve EKOK,3,Yok,Başlangıç Sorusu
P14-S59,1'den 100'e kadar olan sayılar arasında 12 ve 16'nın ortak katı olan kaç adet sayı olduğunun bulunması.,EBOB ve EKOK,2,Yok,Başlangıç Sorusu
P14-S60,"6 ve 7 günde bir temizlenen iki aracın, aynı gün temizlendikten sonraki 120 gün içinde kaç kez daha aynı gün temizlenecekleri sorulmaktadır.",EBOB ve EKOK,2,Yok,Başlangıç Sorusu
P14-S61,"36 ve 45 dakika arayla çalan iki zilin, 07.30'da birlikte çaldıktan sonra ilk kez saat kaçta tekrar birlikte çalacakları sorulmaktadır.",EBOB ve EKOK,2,Yok,Başlangıç Sorusu
P14-S62,"30 ve 36 dakika arayla çalan iki alarmın, 14.00'te birlikte çaldıktan sonra ikinci kez saat kaçta birlikte çalacakları sorulmaktadır.",EBOB ve EKOK,2,Yok,Başlangıç Sorusu
P14-S63,"Eş karesel zemine sahip iki banyodan biri 18 cm, diğeri 16 cm'lik kare fayanslarla kaplandığında kullanılan toplam fayans sayısının en az kaç olacağı sorulmaktadır.",EBOB ve EKOK,3,Yok,Başlangıç Sorusu
P14-S64,Kenar uzunlukları 12 cm ve 16 cm olan dikdörtgen parçaların en az kaç tanesi yan yana getirilerek bir kare oluşturulabileceği sorulmaktadır.,EBOB ve EKOK,2,Yok,Başlangıç Sorusu
P15-S65,"Üslü ifadelerle tanımlanmış A ve B sayılarının EKOK değeri verildiğinde, üslerdeki bilinmeyenlerin (x ve y) toplamının hangisi olamayacağı sorulmaktadır.",EBOB ve EKOK,3,Yok,Başlangıç Sorusu
P15-S66,"23⋅3a şeklinde verilen bir sayı ile 60 sayısının EKOK'u 360 olduğuna göre, a değerinin bulunması istenmektedir.",EBOB ve EKOK,2,Yok,Başlangıç Sorusu
P15-S67,12 ve 18 sayılarına bölündüğünde 5 kalanını veren en küçük üç basamaklı doğal sayının bulunması.,EBOB ve EKOK,2,Yok,Başlangıç Sorusu
P15-S68,12 ve 16 sayılarına bölündüğünde 7 kalanını veren en küçük üç basamaklı doğal sayının birler basamağındaki rakam sorulmaktadır.,EBOB ve EKOK,3,Yok,Başlangıç Sorusu
P15-S69,Üçer ve dörder inildiğinde her seferinde 1 basamak artan bir merdivenin basamak sayısının en az kaç olduğu sorulmaktadır.,EBOB ve EKOK,2,Yok,Başlangıç Sorusu
P15-S70,"Dörder ve altışar sayıldığında 3 bilye artan bir kutudaki bilye sayısının 400'den fazla olduğu bilindiğine göre, en az kaç bilye olduğu sorulmaktadır.",EBOB ve EKOK,3,Yok,Başlangıç Sorusu
P16-S71,700 cm'den fazla uzunluktaki 30 cm ve 36 cm'lik demir çubuklarla tabure yapma.,EBOB ve EKOK,3,Şematik,Başlangıç Sorusu
P16-S72,"Ayşe, Mehmet ve Kemal'in ceviz sayılarının oranları ve en az ceviz durumunda yanlış ifadeyi bulma.",EBOB ve EKOK,2,Yok,Başlangıç Sorusu
P16-S73,"İki eşit şeridin boyanma kuralları verilmiş, ilk kez aynı hizada boyandığı yerdeki yanlış ifadeyi bulma.",EBOB ve EKOK,3,Şematik,Başlangıç Sorusu
P17-S74,"Zeytinyağının yarısı 250 ml, diğer yarısı 400 ml şişelere; 8000 TL'den fazla gelir elde etme.",EBOB ve EKOK,4,Resimli,Başlangıç Sorusu
P17-S75,İki kutudaki boncukların 150'den az ve eşit olma; kapak kapatıldığında artan boncuk sayıları (kalanlı EKOK).,EBOB ve EKOK,4,Şematik,Başlangıç Sorusu
P18-S76,"İki doğal sayıdan biri diğerinin 3 katı, EKOK'u 54 ise EBOB'u kaçtır?",EBOB ve EKOK,2,Yok,Başlangıç Sorusu
P18-S77,"a · 18 = EKOK(a, 18) ise bu eşitliği sağlayan 18'den küçük kaç tane a doğal sayısı vardır?",EBOB ve EKOK,3,Yok,Başlangıç Sorusu
P18-S78,45 ile 75 sayılarının EBOB'u ile EKOK'unun çarpımı kaçtır?,EBOB ve EKOK,1,Yok,Başlangıç Sorusu
P18-S79,"İki sayının EKOK'u 72, EBOB'u 12. Sayılardan biri 24 ise diğeri kaçtır?",EBOB ve EKOK,2,Yok,Başlangıç Sorusu
P19-S80,Sarı (6 cm + 2 cm artmış) ve mavi (10 cm + 2 cm artmış) kartonların uzun kenarının en fazla değeri; parça sayıları farkı 10'dan az.,EBOB ve EKOK,4,Şematik,LGS Örnek Soru
P19-S81,275 kırmızı ve 135 yeşil elmanın eşit paketlenmesi; kırmızı elmanın 5'li ve 8'li paketleme sayısının yeşil paket sayısına eşit olması.,EBOB ve EKOK,4,Yok,LGS Örnek Soru
P20-S82,"K, L, M, N, P şehirleri arası mesafeler verilmiş, 100 km/sa ve 120 km/sa hızla giden iki otobüsün mola tesisinin hangi iki şehir arasında olduğunu bulma.",EBOB ve EKOK,3,Şematik,LGS Örnek Soru
P20-S83,A ve B filmlerinin süreleri ve başlama saatleri verilmiş; aynı anda başladıklarında salona girenlerin en az bekleme süresi.,EBOB ve EKOK,4,Şematik,LGS Örnek Soru
P21-S84,"A yönünden 6, B yönünden 8 dakikada bir metro gelmekte. 8.40'ta aynı anda gelmişler. Beren istasyona geldiğinde, 5 dakika beklemesi kalmış; saati bulma.",EBOB ve EKOK,4,Resimli,LGS Örnek Soru
P21-S85,"Başak ve Pınar'ın ürün alımı; A ürünü 120 TL/kg, B ürünü 70 TL/kg. Toplam kütle 30 kg'dan az, toplam kütleler eşit. Pınar'ın ödediği TL'yi bulma.",EBOB ve EKOK,4,Yok,LGS Örnek Soru
P22-S86,150 L bal ve 90 L pekmezin eşit hacimli kaplara paylaşımı; en az sayıda kap kullanımı; kap sayısının 32'den fazla olması.,EBOB ve EKOK,4,Yok,LGS Örnek Soru
P22-S87,"22 cm ve 16 cm çubukların 8 cm'lik bağlantı parçalarıyla birleştirilmesi; Gamze ve Melis'in eşit uzunlukta, 1 m'den fazla çubuk elde etmesi.",EBOB ve EKOK,4,Şematik,LGS Örnek Soru
P23-S88,"Üç farklı renkte 5'er adet boncuk; her bir renk farklı asal sayıyı temsil etmekte; çubuklara yerleştirilme ve 150, A, B kartlarındaki sayıların çarpımı.",EBOB ve EKOK,3,Şematik,LGS Örnek Soru
P23-S89,"48 günlük tiyatro planı; A salonu 2 günde, B salonu 3 günde bir gösteri yapacak. A'da 17 gösteri yapıldığına göre B'de kaç gösteri yapılmıştır?",EBOB ve EKOK,4,Yok,LGS Örnek Soru
P24-S90,"160 cm ve 96 cm demir çubuklardan eşit uzunlukta parçalar kesme; sarıdan 4, maviden 4 parçanın birleşmesiyle çerçeve yapımı; aradaki en az fark.",EBOB ve EKOK,4,Şematik,LGS Örnek Soru
P24-S91,648 adet yumurtanın 30'dan az ve eşit sayıda kolilere konulması; satılmayan yumurta sayısının 360 olması; en az kaç koli yumurta satılmıştır?,EBOB ve EKOK,4,Yok,LGS Örnek Soru
P25-S92,"A (48), B (32), C (60) kurslarındaki öğrencilerin sınıflara 10'dan fazla, 20'den az kişi yerleştirilmesi; sınıfların alt/üst katlarda eşit öğrenci kısıtlamaları.",EBOB ve EKOK,5,Şematik,LGS Örnek Soru
P25-S93,"Mavi (M), Kırmızı (K) ve Yeşil (Y) flamaların eşit aralıklarla (ardışık) yerleştirilmesi; başlangıç/bitiş noktaları ve flama renk kısıtlamalarına göre en az mesafeyi bulma.",EBOB ve EKOK,4,Şematik,LGS Örnek Soru
P26-S94,4 cm kısa kenarlı iki çitanın kesilerek yeşil ve turuncu kare çerçeveler yapılması; çevresi 56 cm olan kare çerçeve için en az kaç çita kullanılmıştır?,EBOB ve EKOK,4,Şematik,LGS Örnek Soru
P26-S95,40 cm ve 70 cm'lik dikdörtgen taşların 30 metreden az düz bir kaldırıma boşluksuz yerleştirilmesi; kare prizma şeklindeki sarı taş sayısının en çok kaç olduğunu bulma.,EBOB ve EKOK,4,Şematik,LGS Örnek Soru
P27-S96,"640 kırmızı ve 520 mavi bilyenin eşit sayıda ve aynı renkte kutulanması; satılmayan mavi kutu sayısının, satılmayan kırmızı kutu sayısının 3 katı olması; mavi kutunun fiyatını bulma.",EBOB ve EKOK,5,Resimli,LGS Örnek Soru
P27-S97,Diktörtgen biçimindeki iş yerinin alanları verilmiş; tüm bölümlerin kenar uzunlukları doğal sayı. Arşiv ve Mutfak bölümlerinin alanları toplamının en az kaç olduğunu bulma.,EBOB ve EKOK,5,Şematik,LGS Örnek Soru
P28-S98,İki kumbarada (150 ve 90 adet 1 TL) kalan para miktarının her gün sonunda EBOB'u olup olmadığını sorgulama; Beren'in her gün birinden diğerinde kalan para kadar harcaması.,EBOB ve EKOK,4,Resimli,LGS Örnek Soru
P28-S99,"60 kırmızı, 72 mavi, 42 yeşil kalemin en fazla 15 kalem alan kutulara, eşit sayıda ve tek renkte yerleştirilmesi; satılan en fazla kutu sayısını bulma.",EBOB ve EKOK,4,Resimli,LGS Örnek Soru
P29-S100,"4 traktörün 1 dekar arazi için yakıt miktarı; A, B (50 dekar altı) ve C, D (120 dekar altı) ile eşit miktarda yakıt tüketimi; toplam yakıtın en fazla kaç TL olduğu.",EBOB ve EKOK,4,Şematik,LGS Örnek Soru
P29-S101,Domates ve biberden salça yapma; salçaların karışmayacak ve artmayacak şekilde eşit büyüklükteki kavanozlara doldurulması; en az kaç kavanoz kullanılır?,EBOB ve EKOK,3,Yok,LGS Örnek Soru
P30-S102,"3 koşucunun (Ali, Eren, Mehmet) parkurda koşma süreleri; yarım saat ve bir saat içinde birbirleriyle karşılaşma durumlarını inceleme.",EBOB ve EKOK,4,Geometrik Şekil,LGS Örnek Soru
P30-S103,"ki radyoda (A: 12 dk müzik + 4 dk reklam, B: 16 dk müzik + 4 dk reklam) yayınlanan programlar; saat 10.00'da başlayan programdan sonra Banu'nun müziğe denk geldiği saati bulma.",EBOB ve EKOK,3,Yok,LGS Örnek Soru
P31-S104,"4 çeşit şeker (45, 54, 60, 72 adet) ikişerli gruplanarak poşetlenmesi; her poşette 3'ten fazla şeker olması; poşetteki şeker sayısı farkının en fazla kaç olduğunu bulma.",EBOB ve EKOK,4,Resimli,LGS Örnek Soru
P31-S105,40 cm ve 30 cm tekerlek merkezlerinin yerden yüksekliği olan iki bisikletin aynı mesafeyi tekerleklerinin tam tur atarak tamamlaması; en az kaç santimetre mesafe denediği.,EBOB ve EKOK,3,Resimli,LGS Örnek Soru
P32-S106,Sınıf numaralarının (1'den 5'e kadar kat numaraları ve 1-5'ten salona numaraları) tek bir asal çarpanı olması; bu salon numaralarının EKOK'unu bulma.,EBOB ve EKOK,4,Resimli,LGS Örnek Soru
P32-S107,"Dikdörtgen şeklindeki kartonların kenar uzunlukları ve alanları verilmiş, bu kartonların birleştirilmesiyle oluşturulan yeni şeklin alanının en fazla kaç olacağı sorulmaktadır.",EBOB ve EKOK,4,Geometrik Şekil,LGS Örnek Soru
P33-S108,"Verilen iki farklı ürünün (veya nesnenin) kütleleri/sayıları üzerinden, artmadan eşit miktarlarda paylaştırılması veya paketlenmesi durumu; en az paket sayısı veya maliyet hesabı sorulmaktadır.",EBOB ve EKOK,3,Resimli,LGS Örnek Soru
P33-S109,"Belirli uzunluktaki bir rafa veya alana, iki farklı boyuttaki kutuların/cisimlerin boşluk kalmayacak şekilde dizilmesi; raf uzunluğunun veya cisim sayısının bulunması problemi.",EBOB ve EKOK,4,Şematik,LGS Örnek Soru
P33-S108,"Verilen iki farklı ürünün (veya nesnenin) kütleleri/sayıları üzerinden, artmadan eşit miktarlarda paylaştırılması veya paketlenmesi durumu; en az paket sayısı veya maliyet hesabı sorulmaktadır.",EBOB ve EKOK,3,Resimli,LGS Örnek Soru
P33-S109,"Belirli uzunluktaki bir rafa veya alana, iki farklı boyuttaki kutuların/cisimlerin boşluk kalmayacak şekilde dizilmesi; raf uzunluğunun veya cisim sayısının bulunması problemi.",EBOB ve EKOK,4,Şematik,LGS Örnek Soru
P35-S112,"İki farklı uzunluktaki veya miktardaki nesnenin (çubuk, kumaş vb.) hiç artmayacak şekilde eşit ve en büyük parçalara ayrılması; oluşan parça sayısı veya kesim işlemi sayısı sorulmaktadır.",EBOB ve EKOK,3,Şematik,LGS Örnek Soru
P35-S113,"Farklı zaman aralıklarında gerçekleşen iki olayın (zil çalması, nöbet tutma, araç seferi vb.) aynı anda gerçekleştiği anların veya bu karşılaşmaların sayısının bulunması problemi.",EBOB ve EKOK,3,Resimli,LGS Örnek Soru
P36-S114,"Üç farklı markanın (A, B, C) ürünlerinin veya cihazlarının belirli periyotlarla çalışma/durma süreleri verilmiş; bu cihazların aynı anda çalışmaya/durmaya başladıkları anların veya sürelerin hesaplanması problemi.",EBOB ve EKOK,4,Şematik,LGS Örnek Soru
P36-S115,"Bir toplantı salonuna veya sınıfa, genişlikleri farklı iki tür koltuğun/sıranın, aralarında boşluk kalmayacak ve duvarla bitişik olacak şekilde dizilmesi; salon genişliği veya koltuk sayısı sorulmaktadır.",EBOB ve EKOK,3,Resimli,LGS Örnek Soru
P37-S116,"Farklı uzunluklara sahip iki veya daha fazla rafın/çubuğun, hiç artmayacak şekilde eşit uzunlukta en büyük parçalara bölünmesi; oluşan parça sayısı veya kesim işlemi sayısı sorulmaktadır.",EBOB ve EKOK,3,Şematik,LGS Örnek Soru
P37-S117,"Belirli bir kurala göre nöbet tutan veya sefere çıkan iki kişinin/aracın, başlangıçtan sonra kaçıncı kez veya ne zaman tekrar aynı anda bu eylemi gerçekleştireceğinin bulunması problemi.",EBOB ve EKOK,3,Resimli,LGS Örnek Soru
P38-S118,"Farklı kütlelere veya hacimlere sahip iki ürünün (çuval, bidon vb.), birbirine karıştırılmadan ve hiç artmayacak şekilde eşit büyüklükteki en az sayıda kaba paylaştırılması problemi.",EBOB ve EKOK,3,Resimli,LGS Örnek Soru
P38-S119,"Kenar uzunlukları verilen dikdörtgen şeklindeki kartonların veya fayansların, aralarında boşluk kalmayacak şekilde birleştirilerek en küçük alanlı karenin (veya zeminin) oluşturulması; parça sayısının bulunması.",EBOB ve EKOK,4,Geometrik Şekil,LGS Örnek Soru
P39-S120,Farklı uzunluklara veya sürelere sahip iki çubuğun/olayın (örn. reklam panosu aydınlatma süreleri veya iki farklı ürünün uzunlukları) eşlenmesi; en kısa sürede veya en küçük ortak uzunlukta buluşma anının/noktasının hesaplanması.,EBOB ve EKOK,3,Şematik,LGS Örnek Soru
P39-S121,"Kenar uzunlukları verilen dikdörtgen şeklindeki bir bahçenin veya zeminin etrafına/içine, köşelere de gelmek şartıyla eşit aralıklarla direk/ağaç dikilmesi veya fayans döşenmesi; en az malzeme sayısının bulunması problemi.",EBOB ve EKOK,3,Geometrik Şekil,LGS Örnek Soru
P40-S122,"Belirli aralıklarla tekrarlanan iki farklı durumun (sefer saatleri, nöbetleşme veya zil çalması gibi) gün içerisinde kaç kez aynı anda gerçekleştiğinin veya bir sonraki ortak zamanın hesaplanması problemi.",EBOB ve EKOK,3,Şematik,LGS Örnek Soru
P40-S123,"Farklı boyutlara sahip dikdörtgen şeklindeki parçaların veya alanların, aralarında boşluk kalmayacak şekilde birleştirilerek daha büyük bir kare veya dikdörtgen zemin oluşturulması; en az parça sayısının bulunması.",EBOB ve EKOK,4,Geometrik Şekil,LGS Örnek Soru
P41-S124,"Belirli aralıklarla tekrarlanan iki farklı işin veya durumun (ilaç alma, sefer saati vb.) başlangıçtan sonra kaçıncı kez veya ne zaman tekrar aynı ana denk geleceğinin hesaplanması problemi.",EBOB ve EKOK,3,Şematik,LGS Örnek Soru
P41-S125,"Kenar uzunlukları verilen bir alanın veya levhanın, hiç artmayacak şekilde eş kare parçalara ayrılması veya köşelerine de gelmek şartıyla eşit aralıklarla noktalanması/bölünmesi; parça/nokta sayısı sorulmaktadır.",EBOB ve EKOK,4,Geometrik Şekil,LGS Örnek Soru
P42-S126,"Farklı uzunluktaki iki tahta veya metal çubuğun, hiç parça artmayacak şekilde eşit uzunlukta en büyük parçalara ayrılması; oluşan parça sayısı veya her kesim işlemi için ödenen ücret üzerinden toplam maliyet hesabı sorulmaktadır.",EBOB ve EKOK,3,Şematik,LGS Örnek Soru
P42-S127,Belirli bir kurala göre (örneğin 3'ün ve 4'ün pozitif tam sayı katları olan) numaralandırılmış kutuların veya koltukların seçilmesi/boyanması; hem 3'ün hem 4'ün katı olan (ortak kat) numaraların tespit edilmesi problemi.,EBOB ve EKOK,4,Şematik,LGS Örnek Soru
P43-S128,"Verilen bir kurala göre (örneğin iki farklı ürünün raf/kutu dizilimi veya sayısal eşleşmesi) yapılan yerleştirme işleminde, belirli şartları (boşluk kalmama, eşit yükseklik vb.) sağlayan en küçük ortak katın veya değerin bulunması problemi.",EBOB ve EKOK,4,Şematik,LGS Örnek Soru
P44-S129,"Verilen iki farklı sayısal değerin (genellikle çuval ağırlıkları veya tank hacimleri), birbirine karıştırılmadan ve hiç artmayacak şekilde eşit büyüklükteki kaplara paylaştırılması; en az kap/paket sayısı sorulmaktadır.",EBOB ve EKOK,3,Resimli,LGS Örnek Soru
P44-S130,"Belirli bir kurala göre periyodik olarak tekrar eden iki farklı eylemin (örneğin iki farklı zilin çalması veya iki aracın sefer yapması), başlangıçtan sonraki ortak gerçekleşme zamanının (EKOK) hesaplanması problemi.",EBOB ve EKOK,3,Şematik,LGS Örnek Soru
P45-S131,"Verilen bir alana veya rafa, boyutları farklı iki veya daha fazla nesnenin (kutu, kitap, fayans vb.) belirli bir kurala göre (örneğin aralarında boşluk kalmadan veya belirli periyotlarla) yerleştirilmesi; alanın uzunluğunun veya kullanılan nesne sayısının hesaplanması problemi.",EBOB ve EKOK,4,Resimli,LGS Örnek Soru
P46-S132,Verilen iki doğal sayının en büyük ortak böleninin (EBOB) veya en küçük ortak katının (EKOK) bulunması ve bu değerlerle yapılan temel dört işlem sorusu.,Aralarında Asal Sayılar,1,Yok,Başlangıç Sorusu
P46-S133,"İki farklı sayısal değerin (kütle, uzunluk vb.) ebob'u kullanılarak, artmadan eş parçalara ayrılması durumunda oluşacak parça sayısının bulunması (Temel problem).",Aralarında Asal Sayılar,2,Yok,Başlangıç Sorusu
P46-S134,Belirli aralıklarla (dakika/saat) gerçekleşen iki basit olayın (zil çalması vb.) ilk kez veya ikinci kez ne zaman aynı anda gerçekleşeceğinin hesaplanması.,Aralarında Asal Sayılar,2,Şematik,Başlangıç Sorusu
P46-S135,"Kenar uzunlukları verilen dikdörtgen şeklindeki bir zeminin içine, hiç boşluk kalmayacak şekilde yerleştirilebilecek en büyük boyutlu eş karelerin sayısının bulunması.",Aralarında Asal Sayılar,2,Geometrik Şekil,Başlangıç Sorusu
P46-S136,Aralarında asallık veya çarpan özellikleri verilen iki sayının EBOB ve EKOK değerleri arasındaki ilişkinin sorgulandığı kural/kavram sorusu.,Aralarında Asal Sayılar,1,Yok,Başlangıç Sorusu
P46-S137,Verilen sayıların asal çarpanlarına ayrılmış hali üzerinden EBOB veya EKOK değerlerinin üslü ifadeler yardımıyla hesaplanması sorusu.,Aralarında Asal Sayılar,1,Şematik,Başlangıç Sorusu
P46-S138,"İki farklı ürünün (ceviz, bilye vb.) sayıları verilerek, bunların her bir pakette eşit sayıda olacak şekilde paketlenmesi için gereken en az paket sayısı hesabı.",Aralarında Asal Sayılar,2,Yok,Başlangıç Sorusu
P46-S139,Bir yolun veya caddenin iki tarafına belirli aralıklarla (örneğin 10m ve 15m) dikilen ağaçların/direklerin aynı hizaya geldiği noktaların sayısının bulunması.,Aralarında Asal Sayılar,2,Şematik,Başlangıç Sorusu
P46-S140,"Verilen iki sayının EKOK değerinin hesaplanarak, bu katın belirli bir aralıktaki (örneğin 100 ile 200 arası) katının bulunması sorusu.",Aralarında Asal Sayılar,2,Yok,Başlangıç Sorusu
P46-S141,Dikdörtgenler prizması veya kare prizma şeklindeki kutuların birleştirilerek en küçük hacimli küpün oluşturulması için gereken kutu sayısı sorusu.,Aralarında Asal Sayılar,2,Geometrik Şekil,Başlangıç Sorusu
P47-S142,a ve b aralarında asal sayılardır ve a/b = 36/60 olduğuna göre hangisinin yanlış olduğu sorulmaktadır,Aralarında Asal Sayılar,1,Yok,Başlangıç Sorusu
P47-S143,x 9'dan küçük pozitif tam sayı olmak üzere x ile (x+3) aralarında asal ise x'in alabileceği değerler toplamı,Aralarında Asal Sayılar,2,Yok,Başlangıç Sorusu
P47-S144,a ve b aralarında asal sayılar ve (a.b)/EBOB(a b) = 52 ise a+b'nin en büyük değeri,Aralarında Asal Sayılar,2,Yok,Başlangıç Sorusu
P47-S145,(a-1) ve (b+3) aralarında asal ve oranları 30/48 ise a+b kaçtır,Aralarında Asal Sayılar,1,Yok,Başlangıç Sorusu
P47-S146,(a-2) ile (b+5) aralarında asal ve oranları 18/42 ise a+b kaçtır,Aralarında Asal Sayılar,1,Yok,Başlangıç Sorusu
P47-S147,Asal çarpanlarına ayrılmış a b c d sayılarından hangi ikisinin aralarında asal olduğu sorulmaktadır,Aralarında Asal Sayılar,2,Yok,Başlangıç Sorusu
P47-S148,a çift ve a ile b aralarında asal ise b hakkında verilen ifadelerden hangisi doğrudur,Aralarında Asal Sayılar,2,Yok,Başlangıç Sorusu
P47-S149,K L M N kutularına üzerinde sayılar yazan pullar atılıyor kutu ve pul numaraları aralarında asal olmalı,Aralarında Asal Sayılar,3,Şematik,Başlangıç Sorusu
P48-S150,Üzerinde sayı yazan bilyeler aralarında asal olacak şekilde gruplandırılıyor mavi bilyenin numarası soruluyor,Aralarında Asal Sayılar,3,Resimli,LGS Örnek Soru
P48-S151,Dikdörtgen kâğıtlar katlanarak kenarları aralarında asal dikdörtgenler elde ediliyor çevre uzunluğu soruluyor,Aralarında Asal Sayılar,4,Geometrik Şekil,LGS Örnek Soru
P49-S152,Uzunlukları verilen tahtalar parçalanıyor parça uzunlukları aralarında asal olma durumu inceleniyor,Aralarında Asal Sayılar,4,Şematik,LGS Örnek Soru
P49-S153,Alanları 72 ve 60 cm² olan dikdörtgenler birleştiriliyor kenarlar aralarında asal ise çevre en az kaçtır,Aralarında Asal Sayılar,3,Geometrik Şekil,LGS Örnek Soru
P50-S154,İki kutudaki toplar yer değiştiriliyor çarpımları K ve L aralarında asal ise K+L en az kaçtır,Aralarında Asal Sayılar,4,Şematik,LGS Örnek Soru
P50-S155,9 karelik tabloda komşu karelerle aralarında asal sayılar yerleştirilerek mor karelerdeki sayıların toplamı bulunuyor,Aralarında Asal Sayılar,4,Şematik,LGS Örnek Soru
P51-S156,9 karelik tabloda komşu karelerle aralarında asal sayılarla kırmızı karenin değeri hesaplanıyor,Aralarında Asal Sayılar,4,Şematik,LGS Örnek Soru
P51-S157,Dolap raflarındaki klasör numaraları aralarında asal ve iki asal çarpanlı fark en çok kaç olabilir,Aralarında Asal Sayılar,3,Resimli,LGS Örnek Soru
P52-S158,Yayların uzama miktarları aralarında asal II. yayın son uzunluğu ne olabilir,Aralarında Asal Sayılar,3,Resimli,LGS Örnek Soru
P52-S159,Video oynatıcıda izlenen ve kalan sürelerin dakika/saniye kısımları aralarında asal olacak anı bulma,Aralarında Asal Sayılar,3,Resimli,LGS Örnek Soru
P53-S160,Şifreli kilitte rakamlar çevrilerek aralarında asal iki basamaklı sayılarla şifre oluşturuluyor,Aralarında Asal Sayılar,3,Resimli,LGS Örnek Soru
P53-S161,Karelere 3 5 7 9 11 sayıları yazılıyor bağlı kareler aralarında asal boyalı kareye gelebilecek toplam,Aralarında Asal Sayılar,3,Şematik,LGS Örnek Soru
P53-S162,6A ve B8 iki basamaklı sayıları için aralarında asallık şartlarını sağlayan A+B değerleri kaç tanedir,Aralarında Asal Sayılar,2,Yok,LGS Örnek Soru
P54-S163,A ve B cisimleri teraziye konuyor toplam kütle 2.. gram ise A cisminin kütlesi kaçtır,EBOB ve EKOK,4,Resimli,Çıkmış Soru (2025)
P54-S164,4g ve 28g bilyeler torbalara eşit kütlede dağıtılıyor toplam bilye sayısı en az kaçtır,EBOB ve EKOK,4,Şematik,Çıkmış Soru (2024)
P55-S165,Efe ve Kuzey bilyelerini 3 ve 4 torbaya eşit dağıtıyor değişim sonrası en az bilye sayısı,EBOB ve EKOK,4,Şematik,Çıkmış Soru (2023)
P55-S166,İki un çuvalına (46kg 12kg) un eklenince miktarlar aralarında asal oluyor eklenen miktarlar hangisidir,Aralarında Asal Sayılar,3,Resimli,Çıkmış Soru (2023)
P56-S167,40 sayısının çarpanları gruplanıyor grupların toplamı eşit ise B grubundaki en küçük sayı kaçtır,Bir Doğal Sayının Çarpanları,3,Tablo,Çıkmış Soru (2023)
P56-S168,Zeynep ve Kuzey'in kalem çarpanları ağaç şemasıyla verilmiş kalan kalem sayısı soruluyor,Bir Doğal Sayının Çarpanları,3,Şematik,Çıkmış Soru (2022)
P57-S169,Dikdörtgen kâğıt bölgelere ayrılmış (35 44 21 cm² vb.) tüm alan ne olabilir,EBOB ve EKOK,4,Geometrik Şekil,Çıkmış Soru (2021)
P57-S170,Dairelere sayılar yazılıyor köşelerdeki çarpım ortadaki sayıya eşit ve aralarında asal A+B en az kaçtır,Aralarında Asal Sayılar,4,Geometrik Şekil,Çıkmış Soru (2021)
P58-S171,k 3k 5k 7k yüksekliğindeki kutularla kule yapılıyor en üstteki alınınca yükseklik hangisi olamaz,EBOB ve EKOK,5,Şematik,Çıkmış Soru (2020)
P58-S172,30 TL ve 50 TL'lik kedi mamalarından eşit paket bağışlanıyor toplam harcama soruluyor,EBOB ve EKOK,3,Şematik,Çıkmış Soru (2019)
P59-S173,40 kg'dan az çuvallar kantarda 720 kg geliyor ekleme yapılınca 1344 kg oluyor eklenen çuval sayısı,EBOB ve EKOK,4,Resimli,Çıkmış Soru (2020)
P59-S174,3g ve 5g boncuklardan kolye yapılıyor toplam kütle 230g'dan az ise boncuk farkı en fazla kaçtır,EBOB ve EKOK,3,Yok,Çıkmış Soru (2020)
P60-S175,Alanları verilen kartonlar (35 77 110) 3 cm üst üste yapıştırılıyor yeni alan en fazla kaç olur,EBOB ve EKOK,5,Geometrik Şekil,Çıkmış Soru (2019)
P60-S176,Kat planında alanlar verilmiş verilmeyen alanların toplamı en az kaç metrekaredir,EBOB ve EKOK,5,Geometrik Şekil,Çıkmış Soru (2018)